cluster_id,n_nodes,n_seed,sum_kzt_internal,top_gids,hypothesis
1,239,4,29901166.200000,100000006866783100|100000001732159100|100000008637537100,"Наблюдаемое сообщество: 239 узлов, 4 seed; преобладающий сигнал — terminal. "
2,60,3,8430162.000000,100000003589877100|100000003880331100|100000001253557100,"Наблюдаемое сообщество: 60 узлов, 3 seed; преобладающий сигнал — terminal. "
3,89,5,15858082.610000,100000004015047100|100000001616816100|100000005514161100,"Наблюдаемое сообщество: 89 узлов, 5 seed; преобладающий сигнал — terminal. "
4,105,4,15956581.000000,100000003684369100|100000005074393100|100000000733451100,"Наблюдаемое сообщество: 105 узлов, 4 seed; преобладающий сигнал — terminal. "
5,187,8,25578275.560000,100000003016635100|100000004156082100|100000003265158100,"Наблюдаемое сообщество: 187 узлов, 8 seed; преобладающий сигнал — terminal. "
6,164,2,16647756.000000,100000003115284100|100000006274203100|100000008165763100,"Наблюдаемое сообщество: 164 узлов, 2 seed; преобладающий сигнал — terminal. "
7,86,0,7134581.000000,100000004400305100|100000002628576100|100000004325327100,"Наблюдаемое сообщество: 86 узлов, 0 seed; преобладающий сигнал — peripheral. "
8,157,0,36957789.710000,100000006889963100|100000004299488100|100000007055802100,"Наблюдаемое сообщество: 157 узлов, 0 seed; преобладающий сигнал — terminal. "
9,60,2,24019753.000000,100000001899164100|100000000933075100|100000004420041100,"Наблюдаемое сообщество: 60 узлов, 2 seed; преобладающий сигнал — terminal. "
10,6,1,1615030.000000,100000008193577100|100000008736940100|100000008659445100,"Наблюдаемое сообщество: 6 узлов, 1 seed; преобладающий сигнал — distributor. "
11,44,3,5672348.000000,100000003635170100|100000000343175100|100000003809101100,"Наблюдаемое сообщество: 44 узлов, 3 seed; преобладающий сигнал — terminal. "
12,15,0,850450.000000,100000002472632100|100000001526235100|100000001788284100,"Наблюдаемое сообщество: 15 узлов, 0 seed; преобладающий сигнал — peripheral. "
13,15,0,3626010.000000,100000000791285100|100000008461532100|100000006704530100,"Наблюдаемое сообщество: 15 узлов, 0 seed; преобладающий сигнал — peripheral. "
14,21,0,2707265.000000,100000004017410100|100000004076740100|100000007382543100,"Наблюдаемое сообщество: 21 узлов, 0 seed; преобладающий сигнал — distributor. "
15,1,1,0.000000,100000000456947100,"Наблюдаемое сообщество: 1 узлов, 1 seed; преобладающий сигнал — peripheral. "
16,51,0,11924238.840000,100000001937767100|100000004159526100|100000002963189100,"Наблюдаемое сообщество: 51 узлов, 0 seed; преобладающий сигнал — terminal. "
17,7,0,143000.000000,100000004508696100|100000005911352100|100000003962994100,"Наблюдаемое сообщество: 7 узлов, 0 seed; преобладающий сигнал — distributor. "
18,120,0,4465650.000000,100000002578405100|100000008493007100|100000005041905100,"Наблюдаемое сообщество: 120 узлов, 0 seed; преобладающий сигнал — terminal. "
19,6,1,1527967.000000,100000000580561100|100000007939160100|100000005183943100,"Наблюдаемое сообщество: 6 узлов, 1 seed; преобладающий сигнал — distributor. "
20,55,0,16998436.000000,100000007442518100|100000002883402100|100000000673868100,"Наблюдаемое сообщество: 55 узлов, 0 seed; преобладающий сигнал — terminal. "
21,8,0,389000.000000,100000002612809100|100000005507142100|100000005264874100,"Наблюдаемое сообщество: 8 узлов, 0 seed; преобладающий сигнал — distributor. "
22,13,1,1392916.000000,100000001380054100|100000006232815100|100000005077484100,"Наблюдаемое сообщество: 13 узлов, 1 seed; преобладающий сигнал — distributor. "
23,43,0,6090969.000000,100000004351795100|100000003242289100|100000002217161100,"Наблюдаемое сообщество: 43 узлов, 0 seed; преобладающий сигнал — terminal. "
24,39,0,2090445.000000,100000001697501100|100000002733905100|100000005342513100,"Наблюдаемое сообщество: 39 узлов, 0 seed; преобладающий сигнал — terminal. "
25,39,0,3081238.000000,100000001530983100|100000002205022100|100000003154105100,"Наблюдаемое сообщество: 39 узлов, 0 seed; преобладающий сигнал — peripheral. "
26,54,0,8837054.530000,100000007908818100|100000001346560100|100000001857829100,"Наблюдаемое сообщество: 54 узлов, 0 seed; преобладающий сигнал — peripheral. "
27,111,1,3281876.000000,100000002527114100|100000003942602100|100000006656003100,"Наблюдаемое сообщество: 111 узлов, 1 seed; преобладающий сигнал — terminal. "
28,17,1,2977887.000000,100000002731501100|100000004160650100|100000003616818100,"Наблюдаемое сообщество: 17 узлов, 1 seed; преобладающий сигнал — distributor. "
29,174,1,43256193.620000,100000001887715100|100000008489922100|100000001141268100,"Наблюдаемое сообщество: 174 узлов, 1 seed; преобладающий сигнал — terminal. "
30,9,0,3404688.000000,100000002175422100|100000001317336100|100000003557488100,"Наблюдаемое сообщество: 9 узлов, 0 seed; преобладающий сигнал — distributor. "
31,3,1,450000.000000,100000002371751100|100000007018630100|100000000769919100,"Наблюдаемое сообщество: 3 узлов, 1 seed; преобладающий сигнал — distributor. "
32,4,1,1404980.000000,100000001872484100|100000008601794100|100000000785800100,"Наблюдаемое сообщество: 4 узлов, 1 seed; преобладающий сигнал — coordinator. "
33,69,0,5204649.670000,100000005473151100|100000001927599100|100000007998965100,"Наблюдаемое сообщество: 69 узлов, 0 seed; преобладающий сигнал — terminal. "
34,40,0,4372715.000000,100000002870463100|100000002692750100|100000003111305100,"Наблюдаемое сообщество: 40 узлов, 0 seed; преобладающий сигнал — terminal. "
35,11,0,1868224.000000,100000002032323100|100000008603331100|100000004715209100,"Наблюдаемое сообщество: 11 узлов, 0 seed; преобладающий сигнал — peripheral. "
36,12,0,2022500.000000,100000003701161100|100000002267998100|100000003718221100,"Наблюдаемое сообщество: 12 узлов, 0 seed; преобладающий сигнал — distributor. "
37,29,0,446070.000000,100000008460102100|100000001164648100|100000004891562100,"Наблюдаемое сообщество: 29 узлов, 0 seed; преобладающий сигнал — peripheral. "
38,26,14,2289450.000000,100000005382566100|100000004041163100|100000005523088100,"Наблюдаемое сообщество: 26 узлов, 14 seed; преобладающий сигнал — distributor. "
39,4,1,79050.000000,100000003148220100|100000006888238100|100000004971871100,"Наблюдаемое сообщество: 4 узлов, 1 seed; преобладающий сигнал — distributor. "
40,6,1,275885.000000,100000005485830100|100000005895525100|100000002462183100,"Наблюдаемое сообщество: 6 узлов, 1 seed; преобладающий сигнал — terminal. "
41,5,1,2809200.000000,100000004135268100|100000008571433100|100000002738256100,"Наблюдаемое сообщество: 5 узлов, 1 seed; преобладающий сигнал — distributor. "
42,2,1,30000.000000,100000003980083100|100000003200071100,"Наблюдаемое сообщество: 2 узлов, 1 seed; преобладающий сигнал — peripheral. "
43,1,1,0.000000,100000003265658100,"Наблюдаемое сообщество: 1 узлов, 1 seed; преобладающий сигнал — peripheral. "
44,1,1,0.000000,100000003349739100,"Наблюдаемое сообщество: 1 узлов, 1 seed; преобладающий сигнал — peripheral. "
45,8,0,1293308.000000,100000006169033100|100000008011159100|100000005182219100,"Наблюдаемое сообщество: 8 узлов, 0 seed; преобладающий сигнал — peripheral. "
46,1,1,0.000000,100000003770083100,"Наблюдаемое сообщество: 1 узлов, 1 seed; преобладающий сигнал — peripheral. "
47,2,1,81465.000000,100000003865939100|100000005392290100,"Наблюдаемое сообщество: 2 узлов, 1 seed; преобладающий сигнал — peripheral. "
48,1,1,0.000000,100000004021459100,"Наблюдаемое сообщество: 1 узлов, 1 seed; преобладающий сигнал — peripheral. "
49,6,1,383300.000000,100000004094958100|100000005547096100|100000005546031100,"Наблюдаемое сообщество: 6 узлов, 1 seed; преобладающий сигнал — distributor. "
50,1,1,0.000000,100000004174835100,"Наблюдаемое сообщество: 1 узлов, 1 seed; преобладающий сигнал — peripheral. "
51,3,1,450816.000000,100000004388983100|100000005034574100|100000007283257100,"Наблюдаемое сообщество: 3 узлов, 1 seed; преобладающий сигнал — terminal. "
52,1,1,0.000000,100000005017150100,"Наблюдаемое сообщество: 1 узлов, 1 seed; преобладающий сигнал — peripheral. "
53,1,1,0.000000,100000005087431100,"Наблюдаемое сообщество: 1 узлов, 1 seed; преобладающий сигнал — peripheral. "
54,1,1,0.000000,100000005235389100,"Наблюдаемое сообщество: 1 узлов, 1 seed; преобладающий сигнал — peripheral. "
55,1,1,0.000000,100000005480435100,"Наблюдаемое сообщество: 1 узлов, 1 seed; преобладающий сигнал — peripheral. "
56,1,1,0.000000,100000005495722100,"Наблюдаемое сообщество: 1 узлов, 1 seed; преобладающий сигнал — peripheral. "
57,1,1,0.000000,100000005550592100,"Наблюдаемое сообщество: 1 узлов, 1 seed; преобладающий сигнал — peripheral. "
58,1,1,0.000000,100000005560900100,"Наблюдаемое сообщество: 1 узлов, 1 seed; преобладающий сигнал — peripheral. "
59,1,1,0.000000,100000005568407100,"Наблюдаемое сообщество: 1 узлов, 1 seed; преобладающий сигнал — peripheral. "
60,5,2,108007.000000,100000006562026100|100000006249740100|100000007347733100,"Наблюдаемое сообщество: 5 узлов, 2 seed; преобладающий сигнал — peripheral. "
61,1,1,0.000000,100000008117324100,"Наблюдаемое сообщество: 1 узлов, 1 seed; преобладающий сигнал — peripheral. "
62,1,1,0.000000,100000008205000100,"Наблюдаемое сообщество: 1 узлов, 1 seed; преобладающий сигнал — peripheral. "
63,1,1,0.000000,100000008513251100,"Наблюдаемое сообщество: 1 узлов, 1 seed; преобладающий сигнал — peripheral. "
64,1,1,0.000000,100000008669037100,"Наблюдаемое сообщество: 1 узлов, 1 seed; преобладающий сигнал — peripheral. "
65,1,1,0.000000,100000008701222100,"Наблюдаемое сообщество: 1 узлов, 1 seed; преобладающий сигнал — peripheral. "
